Thumb Flex,Pointer Flex,Middle Flex,Ring and Pinky Flex,Fist
0,0,0,0,0
1.0450000762939453,0.8040001392364502,0.7039999961853027,0.6050000190734863,0.9079999923706055
0.6990001201629639,7.501999855041504,0.8009998798370361,0.8040001392364502,4.4079999923706055
0.8000001907348633,0.9010000228881836,0.7020001411437988,1.1029999256134033,0.9089999198913574
1.2000000476837158,0.7039999961853027,0.6019999980926514,0.7060000896453857,0.9089999198913574
0.7980000972747803,0.7039999961853027,0.8029999732971191,0.7030000686645508,1.308000087738037
