Thumb Flex,Pointer Flex,Middle Flex,Ring and Pinky Flex,Open Hand,Fist
1.669000149,1.438999891,6.548000097,4.362999916,1.245999813,5.19299984
1.86500001,2.072999954,4.345000029,4.041000128,1.246000051,8.922999859
3.626000166,1.769999981,2.39199996,4.137000084,0.83100009,8.712000132
