Thumb Flex,Pointer Flex,Middle Flex,Ring and Pinky Flex,Fist,Open Hand
1.1449999809265137,1.3029999732971191,0.7979998588562012,0.9030001163482666,1.2039999961853027,0.8910000324249268
1.2000000476837158,1.1039998531341553,0.7969999313354492,0.8020000457763672,1.003999948501587,0.690000057220459
0.7009999752044678,1.4019999504089355,1.5980000495910645,0.7000000476837158,0.7039999961853027,2.491000175476074
0.6989998817443848,0.8020000457763672,0.5989999771118164,0.5999999046325684,0.7039999961853027,0.8929998874664307
0.5989999771118164,0.8040001392364502,0.49899983406066895,0.7990000247955322,0.6050000190734863,0.8919999599456787
0.7009999752044678,0.7030000686645508,0.4980001449584961,1.4019999504089355,0.5039999485015869,0.9930000305175781
